CountryName,CountryCode,Indicator Name,Indicator Code,GDP1990,GDP1995,GDP2000,GDP2005,GDP2011,GDP2017,A1990,A1995,A2000,A2005,A2011,A2017
Aruba,ABW,GDP growth (annual %),NY.GDP.MKTP.KD.ZG,3.961401727,2.547143909,7.616588194,1.214349349,3.44605475,1.999999104,,,,,,
Afghanistan,AFG,GDP growth (annual %),NY.GDP.MKTP.KD.ZG,,,,11.22971484,0.426354793,2.647003202,65.48679165,65.17951271,64.922462,64.52268271,66.83572711,56.91080835
Angola,AGO,GDP growth (annual %),NY.GDP.MKTP.KD.ZG,-3.450098684,15.00000003,3.054624234,15.02891532,3.471976345,-0.147212941,36.44811599,35.60290817,36.18296788,34.96291205,33.10419463,32.38850491
Albania,ALB,GDP growth (annual %),NY.GDP.MKTP.KD.ZG,-9.575640169,13.32233332,6.950036134,5.529914809,2.545321845,3.802197488,22.71866324,22.02921828,21.99824816,21.57525796,22.77253665,18.20060252
Andorra,AND,GDP growth (annual %),NY.GDP.MKTP.KD.ZG,3.78138759,2.757499187,3.528361297,5.397795985,-0.008069753,0.34607189,14.11874161,13.93686693,12.59401471,12.96137804,13.27350555,10.30762139
Arab World,ARB,GDP growth (annual %),NY.GDP.MKTP.KD.ZG,13.12682804,2.748955096,5.496228172,5.747402351,3.748900536,0.820846517,53.30026606,52.5434089,53.06307567,52.39525059,52.65227869,58.68925861
United Arab Emirates,ARE,GDP growth (annual %),NY.GDP.MKTP.KD.ZG,18.32798553,6.687886464,10.85270421,4.855141196,6.930271629,2.373536708,39.82462869,39.77842718,39.69880052,38.98906239,39.1934301,40.91750982
Argentina,ARG,GDP growth (annual %),NY.GDP.MKTP.KD.ZG,-2.467213776,-2.845209611,-0.788998939,8.85165992,6.003951693,2.818502972,16.22053017,16.84606475,16.78094792,16.40308536,17.38298213,13.31183395
Armenia,ARM,GDP growth (annual %),NY.GDP.MKTP.KD.ZG,,6.89999842,5.900000003,13.9,4.699999999,7.500000002,36.8607211,35.12094162,36.79644697,37.06872924,38.61227522,32.52811834
American Samoa,ASM,GDP growth (annual %),NY.GDP.MKTP.KD.ZG,,,,-0.401606426,0.293685756,-5.85443038,12.47908266,12.47908266,15.21466797,15.23784168,15.39064186,12.47382024
Antigua and Barbuda,ATG,GDP growth (annual %),NY.GDP.MKTP.KD.ZG,3.011714686,-4.359587382,6.203431254,6.473831316,-1.958612628,3.145543603,22.40856353,22.45159506,21.97611804,22.13432961,23.1478617,18.62234285
Australia,AUS,GDP growth (annual %),NY.GDP.MKTP.KD.ZG,3.570998147,3.837755293,3.933136945,3.204269793,2.462756312,2.300610624,10.41185463,10.42639658,10.84372366,10.59713361,11.04726492,8.550324401
Austria,AUT,GDP growth (annual %),NY.GDP.MKTP.KD.ZG,4.345641399,2.667983531,3.375722147,2.244065325,2.922797284,2.399587603,16.86668825,15.70612581,15.35536282,15.59206265,15.57337093,12.47796673
Azerbaijan,AZE,GDP growth (annual %),NY.GDP.MKTP.KD.ZG,,-11.79999973,11.0999995,27.96153807,-1.572997621,0.153614647,23.94291482,23.39142886,22.880772,22.86570599,23.6298688,19.92866362
Burundi,BDI,GDP growth (annual %),NY.GDP.MKTP.KD.ZG,3.49982214,-7.920000004,-0.856864058,0.900000001,4.032602496,0.500009999,41.24888833,40.0095359,40.95578012,40.14781299,38.23619121,38.89626795
Belgium,BEL,GDP growth (annual %),NY.GDP.MKTP.KD.ZG,3.137402316,2.38475728,3.716679384,2.321737054,1.694513899,1.608086835,17.58749643,16.49606572,15.66245122,15.43635146,15.69844257,12.88651847
Benin,BEN,GDP growth (annual %),NY.GDP.MKTP.KD.ZG,8.976134361,6.045198648,5.857714205,1.713164564,2.963752919,5.671555469,40.2201361,38.07847163,39.77629324,34.3288089,32.58084623,38.99995876
Burkina Faso,BFA,GDP growth (annual %),NY.GDP.MKTP.KD.ZG,-0.60292848,5.716373863,1.888473889,8.661873228,6.622562613,6.203489411,46.01466126,45.10893352,44.88311167,39.33511519,37.28137549,42.93559251
Bangladesh,BGD,GDP growth (annual %),NY.GDP.MKTP.KD.ZG,5.622258162,5.121277897,5.293294718,6.535944941,6.464379123,7.284174423,61.59562963,61.80314399,63.0363418,68.87354591,70.2105489,60.84578458
Bulgaria,BGR,GDP growth (annual %),NY.GDP.MKTP.KD.ZG,-9.117377097,2.855051055,4.782043523,7.153541381,2.354556923,3.50275153,27.55988096,25.49281015,24.08980882,23.26730013,24.30032702,19.14913234
Bahrain,BHR,GDP growth (annual %),NY.GDP.MKTP.KD.ZG,4.437997176,3.929991545,5.300070056,6.768997871,1.983515012,4.290949778,68.15876158,68.12334942,67.95778934,64.58727578,63.73249929,70.81620768
"Bahamas, The",BHS,GDP growth (annual %),NY.GDP.MKTP.KD.ZG,-1.596249086,4.37875209,4.149234046,3.395260082,0.613384158,3.115613515,21.01992374,21.2866269,21.31820066,21.06635652,21.77442494,17.36772049
Bosnia and Herzegovina,BIH,GDP growth (annual %),NY.GDP.MKTP.KD.ZG,,20.7999984,5.500000506,8.759256846,0.959511247,3.171434875,30.35255781,29.33961391,33.17226018,33.77212107,34.19186648,27.74766896
Belarus,BLR,GDP growth (annual %),NY.GDP.MKTP.KD.ZG,,-10.40000049,5.80000344,9.400001524,5.37870745,2.5321835,24.58584826,22.656887,22.65026613,22.87190055,22.91114578,18.76557991
Belize,BLZ,GDP growth (annual %),NY.GDP.MKTP.KD.ZG,11.44338873,0.656348756,13.0195599,1.951872937,1.922034605,1.870195151,27.42980234,27.12519252,27.84143983,28.29257873,28.80044628,23.01189211
Bermuda,BMU,GDP growth (annual %),NY.GDP.MKTP.KD.ZG,0.019212296,4.399147648,9.317156443,1.674207149,-3.742744317,3.611419837,11.74975934,11.69101106,14.80544275,14.77558692,14.84311292,11.64635919
Bolivia,BOL,GDP growth (annual %),NY.GDP.MKTP.KD.ZG,4.63578591,4.678272586,2.507807553,4.421434767,5.204092308,4.195206301,23.95267949,24.67257239,26.25444139,29.395643,27.90420439,21.5689866
Brazil,BRA,GDP growth (annual %),NY.GDP.MKTP.KD.ZG,-3.102355949,4.416731355,4.387949443,3.20213138,3.974425406,1.322869054,15.14386144,15.4128569,15.77348119,15.59592573,15.91279799,12.70662947
Barbados,BRB,GDP growth (annual %),NY.GDP.MKTP.KD.ZG,-3.307593308,2.013998,4.447189623,3.955457604,-0.673289183,0.475110679,28.21252173,28.2458825,28.47945619,28.482801,29.30348967,23.0801758
Brunei Darussalam,BRN,GDP growth (annual %),NY.GDP.MKTP.KD.ZG,1.089420535,4.47870734,2.849421858,0.387507208,3.745318352,1.328602552,6.732298222,6.839568343,6.884513524,7.24439177,7.366187122,5.903065468
Bhutan,BTN,GDP growth (annual %),NY.GDP.MKTP.KD.ZG,10.87643469,7.074117408,6.933023862,7.287249352,7.982617041,4.651834675,40.20596907,40.07507496,39.74957882,43.01963566,43.07170329,37.9265032
Botswana,BWA,GDP growth (annual %),NY.GDP.MKTP.KD.ZG,6.772821949,7.030410261,1.987695854,4.556645657,6.048361455,2.903997732,25.43543083,24.98630892,25.30182437,25.07372693,24.59211459,23.09438618
Central African Republic,CAF,GDP growth (annual %),NY.GDP.MKTP.KD.ZG,-2.147528066,7.200045558,-2.48943244,0.908210515,4.194615337,4.527278213,53.28715609,53.40425591,51.57214353,52.89663351,51.22953137,56.82849738
Canada,CAN,GDP growth (annual %),NY.GDP.MKTP.KD.ZG,0.16467258,2.693976286,4.917762744,4.995860869,3.146881372,3.170729897,8.225863908,8.103930599,8.280983564,8.495469137,8.62446106,6.428383133
Central Europe and the Baltics,CEB,GDP growth (annual %),NY.GDP.MKTP.KD.ZG,,5.636811535,3.956854299,4.990897923,3.155178246,4.893100789,24.81804606,22.91582375,21.55990515,21.60903966,21.90983004,17.63333403
Switzerland,CHE,GDP growth (annual %),NY.GDP.MKTP.KD.ZG,3.674625673,0.480866509,3.936823537,3.115245649,1.692808513,1.79940885,14.22837266,13.37056081,12.69076406,12.861816,13.04922122,10.3031001
Channel Islands,CHI,GDP growth (annual %),NY.GDP.MKTP.KD.ZG,,,5.826641469,1.377734157,,,,,,,,
Chile,CHL,GDP growth (annual %),NY.GDP.MKTP.KD.ZG,3.333565473,8.933295869,5.326938419,5.742830489,6.110918829,1.188572582,24.67605657,24.94324153,26.16859477,25.52731698,27.24586707,21.03629906
China,CHN,GDP growth (annual %),NY.GDP.MKTP.KD.ZG,3.920251368,10.95395434,8.490093406,11.39459181,9.550832179,6.947200793,57.76500664,58.6601588,60.70483932,66.17450389,70.54202883,52.66459583
Cote d'Ivoire,CIV,GDP growth (annual %),NY.GDP.MKTP.KD.ZG,-1.095908411,7.125744724,-2.068400057,1.721247367,-4.387254789,7.359638088,25.87320064,24.85169224,25.26349351,21.8288118,22.59307255,25.88626634
Cameroon,CMR,GDP growth (annual %),NY.GDP.MKTP.KD.ZG,-6.105697646,3.469792148,3.553374364,2.020662307,4.129277161,3.549087318,75.0066749,72.5750131,70.82948282,63.45308442,58.07690148,72.79309622
"Congo, Dem. Rep.",COD,GDP growth (annual %),NY.GDP.MKTP.KD.ZG,-6.568310695,0.69999883,-6.910927317,6.135151155,6.87467089,3.726947653,43.2331345,43.48303483,44.76174457,42.04343872,41.49328795,44.9092636
"Congo, Rep.",COG,GDP growth (annual %),NY.GDP.MKTP.KD.ZG,1.000003567,3.985324378,7.575980392,7.755758978,2.205919363,-4.63308756,46.68716073,42.66256501,43.59878521,42.68905182,44.15559345,46.63822028
Colombia,COL,GDP growth (annual %),NY.GDP.MKTP.KD.ZG,4.281998332,5.202437593,2.924861483,4.828761108,6.947891982,1.359360868,20.38351541,20.01323703,20.05341997,21.28477536,21.36777875,16.52721022
Comoros,COM,GDP growth (annual %),NY.GDP.MKTP.KD.ZG,5.091236413,3.610206432,10.84787862,2.83754787,4.099846955,3.815702113,21.75399127,21.07742304,21.54405572,21.24320643,21.02016044,20.5468246
Cabo Verde,CPV,GDP growth (annual %),NY.GDP.MKTP.KD.ZG,0.692171874,14.21163626,14.28486883,6.912457988,3.968886345,3.702039209,36.13872533,36.36461069,36.62812416,30.2624091,31.64177817,34.7787001
Costa Rica,CRI,GDP growth (annual %),NY.GDP.MKTP.KD.ZG,3.553063365,4.121496396,3.833166661,3.870873326,4.30710166,3.860198454,18.30876432,18.56164026,19.41210209,19.65730721,19.70213293,15.7259203
Caribbean small states,CSS,GDP growth (annual %),NY.GDP.MKTP.KD.ZG,0.914593396,2.907362318,3.698747045,3.603531165,1.131679311,0.517131031,22.57964491,22.61156197,22.72583409,23.04586058,23.60446368,19.00983411
Cuba,CUB,GDP growth (annual %),NY.GDP.MKTP.KD.ZG,-2.948564945,2.457201172,5.914760174,11.20165642,2.802300836,1.809054399,23.79235164,24.25965174,24.1373679,24.00991936,24.78731963,19.7060474
Curacao,CUW,GDP growth (annual %),NY.GDP.MKTP.KD.ZG,,,,0.676426257,0.612608577,-1.73976542,,,,,,
Cayman Islands,CYM,GDP growth (annual %),NY.GDP.MKTP.KD.ZG,,,,,1.169062695,3.102561215,,,,,,
Cyprus,CYP,GDP growth (annual %),NY.GDP.MKTP.KD.ZG,7.403999506,8.362469305,5.965310315,4.853003838,0.401437941,5.154777146,20.9065766,20.5172218,20.18499397,19.7180449,20.09096399,17.2944062
Czech Republic,CZE,GDP growth (annual %),NY.GDP.MKTP.KD.ZG,,6.500813529,4.001028635,6.60161753,1.760359624,5.168724304,24.40361819,22.12133187,20.43670674,19.94659258,20.08124665,16.07124535
Germany,DEU,GDP growth (annual %),NY.GDP.MKTP.KD.ZG,5.255006083,1.544146496,2.912502964,0.731707164,3.925192705,2.601976005,17.01652364,15.62537022,14.90393488,14.53520844,14.66422844,12.02876736
Djibouti,DJI,GDP growth (annual %),NY.GDP.MKTP.KD.ZG,,,,,,5.403099843,40.87716559,41.22401354,40.98010856,39.17294068,40.44183546,45.5496176
Dominica,DMA,GDP growth (annual %),NY.GDP.MKTP.KD.ZG,5.418651871,3.030169106,2.339507407,0.65623311,-0.223550688,-6.79942797,23.34142911,22.86565017,22.9554165,23.56283597,24.27612298,19.49315376
Denmark,DNK,GDP growth (annual %),NY.GDP.MKTP.KD.ZG,1.475244277,3.027587267,3.746862595,2.336641308,1.336777767,2.821736341,13.25493039,12.66754747,12.41693942,12.07842801,12.66233138,10.02965344
Dominican Republic,DOM,GDP growth (annual %),NY.GDP.MKTP.KD.ZG,-5.454312395,5.685430735,4.661762282,9.428236951,3.133423005,4.666704676,15.44407366,15.73914006,16.4531496,16.58544537,17.29977986,13.72632115
Algeria,DZA,GDP growth (annual %),NY.GDP.MKTP.KD.ZG,0.80000058,3.79999479,3.8,5.9,2.9,1.3,36.93025771,36.45658418,37.5360503,35.85882651,33.83404774,38.8840107
East Asia & Pacific (excluding high income),EAP,GDP growth (annual %),NY.GDP.MKTP.KD.ZG,5.408285337,9.721698525,7.497823455,9.700952002,8.465996727,6.635941346,48.41342086,48.88107573,50.03086242,53.90314615,56.38466186,42.53946794
Early-demographic dividend,EAR,GDP growth (annual %),NY.GDP.MKTP.KD.ZG,5.859370482,2.901045063,4.493009274,6.098219217,4.980453944,4.702127144,56.55326949,57.2689887,58.15413122,61.32758273,64.85588537,60.36865599
East Asia & Pacific,EAS,GDP growth (annual %),NY.GDP.MKTP.KD.ZG,5.099080237,5.117172453,4.89838315,5.066118425,4.610341168,4.757241571,44.915313,45.4444801,46.58545663,50.14503127,52.41693271,39.75062298
Europe & Central Asia (excluding high income),ECA,GDP growth (annual %),NY.GDP.MKTP.KD.ZG,-1.426871352,-1.752003441,8.417233969,7.352013288,6.307341543,3.97914654,27.64510938,26.57340217,26.27248918,26.1789865,26.85414665,24.93939864
Europe & Central Asia,ECS,GDP growth (annual %),NY.GDP.MKTP.KD.ZG,2.318824041,2.132371246,4.282876342,2.772598851,2.40453772,2.820340813,21.9286389,20.86727743,20.33564823,20.15426503,20.57561714,18.08355548
Ecuador,ECU,GDP growth (annual %),NY.GDP.MKTP.KD.ZG,3.679914053,2.252548774,1.091801564,5.291308267,7.868140919,2.368386526,18.42443364,18.48500925,18.70026501,19.91466892,19.321995,14.88610066
"Egypt, Arab Rep.",EGY,GDP growth (annual %),NY.GDP.MKTP.KD.ZG,5.667029151,4.64245877,6.370003834,4.471744469,1.764571949,4.181221001,75.47526578,72.33836024,73.26431954,74.03844104,70.78635638,86.99945205
Euro area,EMU,GDP growth (annual %),NY.GDP.MKTP.KD.ZG,3.584143379,2.429145318,3.867297718,1.687993366,1.686550688,2.577965706,16.78425799,15.86456225,15.34217132,15.1318016,15.36638618,12.52511274
Eritrea,ERI,GDP growth (annual %),NY.GDP.MKTP.KD.ZG,,2.858379037,-3.141985774,2.57444953,8.679799936,,46.9213334,46.3436351,46.37292994,47.11026453,45.25744675,48.03019868
Spain,ESP,GDP growth (annual %),NY.GDP.MKTP.KD.ZG,3.781393378,2.757493994,5.24599468,3.652032674,-0.814373455,2.973641191,12.21132253,11.9453955,11.77420863,11.56902518,12.03799789,9.697927863
Estonia,EST,GDP growth (annual %),NY.GDP.MKTP.KD.ZG,,4.52667856,10.1065183,9.490297336,7.443936104,5.49915471,9.051927283,8.578045915,8.227386728,8.457242673,8.442558919,6.732124015
Ethiopia,ETH,GDP growth (annual %),NY.GDP.MKTP.KD.ZG,2.726451783,6.127511414,6.07321748,11.81876595,11.17829623,9.564189643,35.80074932,35.83580493,35.53396675,34.35100758,36.31794195,38.97873776
European Union,EUU,GDP growth (annual %),NY.GDP.MKTP.KD.ZG,3.370242946,2.673207525,3.903211797,1.934044894,1.83195467,2.789165217,18.56617076,17.38389254,16.64126922,16.41883371,16.63120854,13.46610166
Fragile and conflict affected situations,FCS,GDP growth (annual %),NY.GDP.MKTP.KD.ZG,10.25599697,2.848943474,3.264555308,7.710895804,0.504534951,1.778703729,50.81862484,50.19944358,49.73248497,47.09974024,45.32781551,51.58591678
Finland,FIN,GDP growth (annual %),NY.GDP.MKTP.KD.ZG,0.670275844,4.21686747,5.773362458,2.779850556,2.547664838,3.270172274,7.412718231,7.232851604,7.093878711,7.142454436,7.283699708,5.861331001
Fiji,FJI,GDP growth (annual %),NY.GDP.MKTP.KD.ZG,5.800002719,2.499998538,-1.699998416,0.700000402,2.705143029,5.353631074,13.06679233,12.95578021,13.13845363,12.90249547,13.83646142,10.8401599
France,FRA,GDP growth (annual %),NY.GDP.MKTP.KD.ZG,2.923935081,2.106695253,3.923669227,1.66321998,2.192700633,2.291419994,15.84966725,15.27350321,14.72301795,14.70450609,14.87801926,11.81496362
Faroe Islands,FRO,GDP growth (annual %),NY.GDP.MKTP.KD.ZG,,,,,,,,,,,,
"Micronesia, Fed. Sts.",FSM,GDP growth (annual %),NY.GDP.MKTP.KD.ZG,3.740926857,7.014464845,4.833903786,2.041867164,3.188574755,2.682185944,14.01098216,14.07006258,14.12448447,14.00630093,13.7316521,11.28339944
Gabon,GAB,GDP growth (annual %),NY.GDP.MKTP.KD.ZG,5.192237277,4.973847763,-1.882966398,2.676203333,7.091753343,0.472642031,42.91521481,42.84732106,42.58917115,39.97835312,41.13028375,44.38554846
United Kingdom,GBR,GDP growth (annual %),NY.GDP.MKTP.KD.ZG,0.733755502,2.531670037,3.437471629,3.179728893,1.540147403,1.892077007,13.50818671,13.00544434,12.61822928,12.53789689,12.84799901,10.47269039
Georgia,GEO,GDP growth (annual %),NY.GDP.MKTP.KD.ZG,-14.7882259,2.599996724,1.838341066,9.589574062,7.399999867,4.842603225,26.52648592,25.27307039,25.27380103,25.62728402,26.78360332,22.19605462
Ghana,GHA,GDP growth (annual %),NY.GDP.MKTP.KD.ZG,3.328817883,4.112418929,3.70000004,5.900003916,14.04712363,8.143446549,35.59497922,34.75965465,35.03722259,26.80667242,28.21169897,34.7135141
Gibraltar,GIB,GDP growth (annual %),NY.GDP.MKTP.KD.ZG,,,,,,,,,,,,
Guinea,GIN,GDP growth (annual %),NY.GDP.MKTP.KD.ZG,4.324062754,4.607673202,2.503060562,2.997272562,5.612104279,10.29990722,24.69337283,24.18143289,24.03487457,22.44512582,22.44535934,26.0624902
"Gambia, The",GMB,GDP growth (annual %),NY.GDP.MKTP.KD.ZG,3.558879369,0.881848241,5.500000216,-2.351729362,-8.130444223,4.822611249,35.29382272,34.77638077,34.60088048,30.28366896,29.26492223,33.98263855
Guinea-Bissau,GNB,GDP growth (annual %),NY.GDP.MKTP.KD.ZG,6.099999986,4.400000008,5.426987367,4.266098931,8.084779734,5.919176626,30.58919369,30.47041868,30.45688456,26.84057022,27.38943995,29.77470228
Equatorial Guinea,GNQ,GDP growth (annual %),NY.GDP.MKTP.KD.ZG,-1.758564084,17.48626373,18.21377996,16.74870061,6.52392363,-5.667502957,51.3694975,52.10080722,51.73967079,45.58395304,46.85258767,53.24062104
Greece,GRC,GDP growth (annual %),NY.GDP.MKTP.KD.ZG,0,2.099719885,3.919770707,0.599142126,-9.132494172,1.505099396,20.64297007,19.82827375,19.91860796,19.30810369,20.00154124,16.21826638
Grenada,GRD,GDP growth (annual %),NY.GDP.MKTP.KD.ZG,4.012611902,2.12947515,4.887952137,13.27618833,0.764976824,4.442740288,27.73305723,27.73430716,27.48290026,27.77715503,28.13951521,22.72268748
Greenland,GRL,GDP growth (annual %),NY.GDP.MKTP.KD.ZG,-11.71953298,3.728677489,7.101596882,4.987491771,-0.496519392,0.468546638,15.07685064,15.15751939,13.95706313,13.76893349,14.09660544,11.60217946
Guatemala,GTM,GDP growth (annual %),NY.GDP.MKTP.KD.ZG,3.10256318,4.948547512,3.608868735,3.260112083,4.162048937,3.02343025,29.51331919,30.16835293,31.06172747,31.4646525,31.72733122,24.07064893
Guam,GUM,GDP growth (annual %),NY.GDP.MKTP.KD.ZG,,,,3.535461753,0.12292563,0.24980784,11.81600956,11.8129179,14.31416192,13.80854309,14.1035329,11.63440681
Guyana,GUY,GDP growth (annual %),NY.GDP.MKTP.KD.ZG,-3.067484663,5.031446546,-1.363803905,-1.950957583,5.19629812,3.734494659,24.94626221,24.43404161,27.39095384,27.77781074,27.92942466,22.37557463
High income,HIC,GDP growth (annual %),NY.GDP.MKTP.KD.ZG,3.141003147,2.893744408,4.031063209,2.875296791,1.866310378,2.438395003,16.71673837,16.27051874,16.23419006,16.33406014,16.96867987,14.68160092
"Hong Kong SAR, China",HKG,GDP growth (annual %),NY.GDP.MKTP.KD.ZG,3.830541688,2.373828787,7.663574484,7.388235676,4.814646111,3.791034335,,,,,,
Honduras,HND,GDP growth (annual %),NY.GDP.MKTP.KD.ZG,2.791748949,6.189304558,7.291288159,6.050599222,3.835690662,4.842913911,27.11257224,27.80802581,27.57162526,28.07955146,28.90074716,20.62885065
Heavily indebted poor countries (HIPC),HPC,GDP growth (annual %),NY.GDP.MKTP.KD.ZG,-0.35224779,5.075853103,2.608894571,5.972333518,4.642322907,4.685421087,39.83219054,39.85852256,39.65523861,37.75304484,37.92088795,40.71806235
Croatia,HRV,GDP growth (annual %),NY.GDP.MKTP.KD.ZG,,,2.861746843,4.308493379,-0.198369263,3.439217352,21.93869129,20.925025,21.51238502,22.12263296,21.96600369,17.90177229
Haiti,HTI,GDP growth (annual %),NY.GDP.MKTP.KD.ZG,1.038122801,9.897707497,0.870059257,3.617614016,6.154225158,2.286127252,17.30372331,18.26293938,17.77978999,17.46177208,18.75791703,15.01982438
Hungary,HUN,GDP growth (annual %),NY.GDP.MKTP.KD.ZG,,1.489525475,4.479191193,4.243622884,1.937107794,4.316780987,21.83986141,20.01744577,18.98184965,19.46655171,19.36069,15.92604819
IBRD only,IBD,GDP growth (annual %),NY.GDP.MKTP.KD.ZG,2.009277327,3.731692134,5.63141327,6.899224015,5.996897443,4.965273009,50.76454114,51.5061103,52.90120287,56.63893368,60.12189126,52.02150881
IDA & IBRD total,IBT,GDP growth (annual %),NY.GDP.MKTP.KD.ZG,2.152213903,3.705109029,5.51294628,6.855779485,5.899120648,4.907948349,50.4870039,51.02297185,52.02521174,54.70625534,57.23623512,51.17447271
IDA total,IDA,GDP growth (annual %),NY.GDP.MKTP.KD.ZG,4.072780575,3.330840556,3.808199523,6.241416073,4.501780275,4.093419328,49.32787513,49.12091864,48.78060947,47.99945767,47.98819396,48.65999304
IDA blend,IDB,GDP growth (annual %),NY.GDP.MKTP.KD.ZG,6.651908624,1.815157767,3.780556016,5.935399238,4.80773796,2.715367888,57.92593907,56.98231513,56.38495939,54.35061787,53.47949413,57.1610483
Indonesia,IDN,GDP growth (annual %),NY.GDP.MKTP.KD.ZG,7.242131639,8.220007399,4.920067747,5.692571304,6.169784208,5.069785901,18.05281101,18.16476574,17.87738998,18.92663745,18.04965117,16.5026533
IDA only,IDX,GDP growth (annual %),NY.GDP.MKTP.KD.ZG,1.147357979,5.05578498,3.836892302,6.56366788,4.196145068,5.441063274,44.99777204,45.17366536,44.95688081,44.82155265,45.22262868,44.34853393
Isle of Man,IMN,GDP growth (annual %),NY.GDP.MKTP.KD.ZG,4.186976816,4.3,5.3,5.9,2,2.837739696,,,,,,
India,IND,GDP growth (annual %),NY.GDP.MKTP.KD.ZG,5.533454563,7.57449184,3.840991157,7.923430621,5.241344743,7.043820855,81.29063063,82.77130187,84.16480618,90.3264588,97.59937863,90.87321047
Ireland,IRL,GDP growth (annual %),NY.GDP.MKTP.KD.ZG,8.46652875,9.634421813,9.445750657,5.700089642,0.343441112,8.145296263,10.40502692,10.14926046,10.13777616,9.922228363,10.28507938,8.208576735
"Iran, Islamic Rep.",IRN,GDP growth (annual %),NY.GDP.MKTP.KD.ZG,13.83378001,2.282661073,5.8580666,3.189804087,2.645717918,3.755196452,38.07173913,37.72776301,38.41777736,37.62776384,38.0496892,38.97876028
Iraq,IRQ,GDP growth (annual %),NY.GDP.MKTP.KD.ZG,57.81782903,2.120021635,1.406474735,4.400617409,7.5464712,-2.494642939,63.71657184,63.26491987,62.45795718,62.8517892,66.36260979,61.63623571
Iceland,ISL,GDP growth (annual %),NY.GDP.MKTP.KD.ZG,1.169370347,0.116583693,4.891593277,6.330000053,1.88162028,4.545982903,8.430091258,8.171578825,7.954558321,7.84294641,8.098884846,6.481147263
Israel,ISR,GDP growth (annual %),NY.GDP.MKTP.KD.ZG,7.315199368,10.6888486,7.455182186,3.911693291,4.783497509,3.536703171,24.81052732,24.31730739,24.50362411,22.98279394,23.90468673,21.38110224
Italy,ITA,GDP growth (annual %),NY.GDP.MKTP.KD.ZG,1.985774943,2.886836759,3.786955143,0.817848974,0.707333347,1.667859041,21.31972951,20.27006829,19.77733481,19.60087766,19.99426671,16.75071194
Jamaica,JAM,GDP growth (annual %),NY.GDP.MKTP.KD.ZG,4.200535115,2.349957041,0.878703548,0.893797936,1.730376267,1.003365318,15.95386452,15.91905265,15.89381632,16.00963133,16.54249891,13.40415053
Jordan,JOR,GDP growth (annual %),NY.GDP.MKTP.KD.ZG,-0.275903906,6.200874365,4.245712252,8.146594741,2.737179832,2.087114619,35.34311707,34.60585976,33.51144474,32.4828384,33.01726148,33.00608118
Japan,JPN,GDP growth (annual %),NY.GDP.MKTP.KD.ZG,4.892713066,2.742140322,2.779632825,1.662670405,-0.11542134,2.168290737,14.41635955,14.31252428,14.20962576,14.34866645,14.14103105,11.70477819
Kazakhstan,KAZ,GDP growth (annual %),NY.GDP.MKTP.KD.ZG,,-8.200000001,9.800000002,9.699999999,7.400000001,4.1,16.87025189,15.73268837,15.94476469,15.61864066,15.24383546,13.82428836
Kenya,KEN,GDP growth (annual %),NY.GDP.MKTP.KD.ZG,4.192050974,4.406216526,0.599695392,5.906666082,6.10826372,4.805696525,28.54755209,28.52077778,28.38549871,27.47729884,28.66288466,28.57837427
Kyrgyz Republic,KGZ,GDP growth (annual %),NY.GDP.MKTP.KD.ZG,5.702796635,-5.423821885,5.443336616,-0.175515391,5.956274309,4.739937254,26.15659834,25.43575825,27.08021965,26.77744197,27.51760207,22.73776806
Cambodia,KHM,GDP growth (annual %),NY.GDP.MKTP.KD.ZG,,9.903468901,10.7119948,13.25008691,7.069569946,6.829082448,29.47759664,30.0668419,29.97403414,31.40893477,30.91962359,25.61429187
Kiribati,KIR,GDP growth (annual %),NY.GDP.MKTP.KD.ZG,-0.869565217,0,6.25,4.951631626,1.594561102,0.89150817,13.11509091,13.42802016,13.52196482,13.34558892,13.35815463,10.64085586
St. Kitts and Nevis,KNA,GDP growth (annual %),NY.GDP.MKTP.KD.ZG,4.877251516,5.383142657,9.984051767,9.732820703,1.828435302,-1.977341942,,,,,,
"Korea, Rep.",KOR,GDP growth (annual %),NY.GDP.MKTP.KD.ZG,9.877552502,9.614565393,9.060833325,4.308542714,3.685667782,3.15963574,29.33102172,29.52063135,29.76546929,30.40690403,29.68119454,25.03942539
Kuwait,KWT,GDP growth (annual %),NY.GDP.MKTP.KD.ZG,,4.858291252,4.694581871,10.60904498,9.628406975,-4.712106209,60.55584843,60.0572982,61.48199413,59.67398738,62.82540677,60.74515954
Latin America & Caribbean (excluding high income),LAC,GDP growth (annual %),NY.GDP.MKTP.KD.ZG,0.315697044,1.214088008,3.779032672,4.32036367,4.38699683,1.888527927,19.61587767,19.99839474,20.7973257,21.09492156,21.49006941,16.68087042
Lao PDR,LAO,GDP growth (annual %),NY.GDP.MKTP.KD.ZG,6.704578687,7.031254328,5.798782326,7.107568369,8.038652681,6.892530873,26.5362993,27.09515908,27.54506764,30.17021033,29.66966026,25.10953834
Lebanon,LBN,GDP growth (annual %),NY.GDP.MKTP.KD.ZG,26.53316009,6.448862568,1.341871619,2.68577931,0.867339877,0.850699559,30.34220406,29.84509316,30.61420693,30.02476838,30.06910747,30.62111051
Liberia,LBR,GDP growth (annual %),NY.GDP.MKTP.KD.ZG,,,,5.281212071,8.20076584,2.468626095,17.12342903,17.17619463,17.25314331,16.02440579,16.14705151,17.98411246
Libya,LBY,GDP growth (annual %),NY.GDP.MKTP.KD.ZG,,,3.679213293,11.87072893,-62.07591958,26.68090263,45.06348692,46.71104239,46.25517373,47.12618829,44.63173396,54.25468179
St. Lucia,LCA,GDP growth (annual %),NY.GDP.MKTP.KD.ZG,9.890701529,1.748225865,0.048748554,-0.410304726,5.483411333,3.48884866,26.71198527,26.84988155,27.09613315,26.98484975,28.07865593,22.40081712
Latin America & Caribbean,LCN,GDP growth (annual %),NY.GDP.MKTP.KD.ZG,0.347417081,1.525975852,3.787857515,4.256329233,4.368479757,1.792411727,19.60867344,19.98360513,20.80459196,21.06966235,21.50910074,16.70842993
Least developed countries: UN classification,LDC,GDP growth (annual %),NY.GDP.MKTP.KD.ZG,0.549744006,6.091739429,4.053157125,8.035723429,3.87604489,4.585993668,45.97782255,46.23898103,46.05010353,46.21174232,46.40985867,45.27821984
Low income,LIC,GDP growth (annual %),NY.GDP.MKTP.KD.ZG,-1.412594957,4.842418616,2.761596551,6.926637043,2.238609157,3.71007448,41.79718676,42.14520024,41.70951478,40.15975978,40.89373426,42.85612091
Liechtenstein,LIE,GDP growth (annual %),NY.GDP.MKTP.KD.ZG,2.252870971,5.8755504,3.220193082,4.828076777,,,,,,,,
Sri Lanka,LKA,GDP growth (annual %),NY.GDP.MKTP.KD.ZG,6.399995307,5.500085232,6.00003316,6.241748045,8.404733021,3.578169679,29.76850353,30.18607255,30.8557618,30.95673529,31.23207466,11.09961724
Lower middle income,LMC,GDP growth (annual %),NY.GDP.MKTP.KD.ZG,3.23769701,3.990443091,4.171185835,6.629956281,4.845035517,5.46827834,64.06160951,64.4844933,65.22684449,68.32116921,71.50261828,67.80484524
Low & middle income,LMY,GDP growth (annual %),NY.GDP.MKTP.KD.ZG,2.107416642,3.540898387,5.598483066,7.005710859,5.967523697,4.931635566,50.88078557,51.41869794,52.4142003,55.09210045,57.60330988,51.49785007
Lesotho,LSO,GDP growth (annual %),NY.GDP.MKTP.KD.ZG,6.04547333,3.290938546,3.875546814,3.466122481,5.355154953,-1.321685253,30.70374352,31.66103372,31.49014676,30.098923,31.3547412,28.02865352
Late-demographic dividend,LTE,GDP growth (annual %),NY.GDP.MKTP.KD.ZG,0.212707745,5.004055326,6.778709025,7.178255931,6.697350598,4.866406673,44.76671116,45.20970885,46.50040269,49.97571525,52.66276832,40.00840414
Lithuania,LTU,GDP growth (annual %),NY.GDP.MKTP.KD.ZG,,,3.695525421,7.732367604,6.03900816,4.282596951,16.39810163,15.00076058,14.4281323,14.46207088,14.50968278,11.85328236
Luxembourg,LUX,GDP growth (annual %),NY.GDP.MKTP.KD.ZG,5.319932787,1.432200588,8.23980206,3.172441709,2.539235768,1.801180955,13.69446214,12.94762576,12.56956635,12.35553519,12.68599568,10.3646374
Latvia,LVA,GDP growth (annual %),NY.GDP.MKTP.KD.ZG,,,5.671974915,10.7250863,6.46884995,3.25072029,19.02341913,17.31863105,16.71996638,16.85589453,16.5726763,13.42645752
"Macao SAR, China",MAC,GDP growth (annual %),NY.GDP.MKTP.KD.ZG,7.979679857,3.296713233,5.747126437,8.059504542,21.67270765,9.887584069,,,,,,
St. Martin (French part),MAF,GDP growth (annual %),NY.GDP.MKTP.KD.ZG,,,,,,,,,,,,
Morocco,MAR,GDP growth (annual %),NY.GDP.MKTP.KD.ZG,3.411812226,-5.405447867,1.912872981,3.291639684,5.245697297,4.248949208,30.25549178,30.42096496,30.96744832,30.96781344,29.26656426,32.59354146
Monaco,MCO,GDP growth (annual %),NY.GDP.MKTP.KD.ZG,2.643454173,2.117152311,3.910229226,1.895415281,7,-3.40000081,,,,,,
Moldova,MDA,GDP growth (annual %),NY.GDP.MKTP.KD.ZG,,,2.107716048,7.500000139,5.818166405,4.69079339,22.84505236,20.89016132,19.58110083,19.14452152,19.92486817,16.25103271
Madagascar,MDG,GDP growth (annual %),NY.GDP.MKTP.KD.ZG,3.128905054,1.678592317,4.456858938,4.755845097,1.578429421,3.933316171,22.27356007,22.29494821,21.8724009,23.29406281,23.36285963,22.54228288
Maldives,MDV,GDP growth (annual %),NY.GDP.MKTP.KD.ZG,,,3.845810392,-13.12905343,8.566733531,7.210479788,11.43291943,11.50939536,11.08953254,11.43535931,11.78963462,7.795820799
Middle East & North Africa,MEA,GDP growth (annual %),NY.GDP.MKTP.KD.ZG,13.11951914,3.336919119,5.764757369,5.068177287,3.75082637,1.554407756,50.21142429,49.45882575,50.41402806,49.82412762,50.26049879,55.66932622
Mexico,MEX,GDP growth (annual %),NY.GDP.MKTP.KD.ZG,5.175768386,-6.291230821,4.942453715,2.307807066,3.66300793,2.113129135,23.51655782,24.13661024,26.77918216,26.86289992,27.74129679,20.92111579
Marshall Islands,MHL,GDP growth (annual %),NY.GDP.MKTP.KD.ZG,2.676246464,8.213231779,1.354077564,2.28478911,-0.75614346,4.056644584,13.06359474,13.3383996,13.04341192,12.92691993,12.93217057,10.24133222
Middle income,MIC,GDP growth (annual %),NY.GDP.MKTP.KD.ZG,2.160411933,3.522433341,5.639347864,7.006870145,6.025141024,4.949010827,51.57911664,52.17753894,53.34725568,56.49919163,59.33183323,52.46921707
North Macedonia,MKD,GDP growth (annual %),NY.GDP.MKTP.KD.ZG,,-1.114727694,4.549135783,4.724088642,2.339886045,1.081772738,41.87047581,39.93755917,36.3982167,35.63304687,38.0831195,29.72694451
Mali,MLI,GDP growth (annual %),NY.GDP.MKTP.KD.ZG,-2.502395103,0.921022398,-0.060834972,6.534778775,3.21313378,5.305456084,41.52876825,40.57247992,39.80005538,37.84408134,35.14164437,38.52660616
Malta,MLT,GDP growth (annual %),NY.GDP.MKTP.KD.ZG,6.291390958,6.342493183,6.770193911,3.383593722,0.467050564,8.015063134,16.85487078,16.66174535,16.5349456,16.10447805,16.64430398,13.90954337
Myanmar,MMR,GDP growth (annual %),NY.GDP.MKTP.KD.ZG,2.816933273,6.948051437,13.74593056,13.56895002,5.591482378,6.404977325,39.80947392,40.76525561,39.36165302,43.3214544,43.61990347,35.55745292
Middle East & North Africa (excluding high income),MNA,GDP growth (annual %),NY.GDP.MKTP.KD.ZG,12.90622659,2.55993854,4.444548287,4.544927944,-0.939013133,2.906722609,49.26775457,48.347628,48.93708652,48.43021634,48.267502,53.85776254
Montenegro,MNE,GDP growth (annual %),NY.GDP.MKTP.KD.ZG,,,3.100000184,4.180601527,3.228419022,4.716489657,28.59908877,27.80047525,26.00124623,25.56279261,26.62922388,20.78181355
Mongolia,MNG,GDP growth (annual %),NY.GDP.MKTP.KD.ZG,-3.184460178,6.376426887,1.146062137,7.25366544,17.29077758,5.337037933,37.91553694,36.83717825,39.03252666,39.72640499,45.36017005,40.11284905
Northern Mariana Islands,MNP,GDP growth (annual %),NY.GDP.MKTP.KD.ZG,,,,-12.66620014,-7.692307692,25.56818182,11.41490119,11.40998512,12.18124211,11.86877124,12.19962657,9.892981129
Mozambique,MOZ,GDP growth (annual %),NY.GDP.MKTP.KD.ZG,0.999992833,2.259757178,1.180300789,6.645908281,7.417384316,3.741317593,23.38285769,22.79658067,22.68627092,22.66323062,22.6090715,21.29869546
Mauritania,MRT,GDP growth (annual %),NY.GDP.MKTP.KD.ZG,-1.771304534,9.819800419,-3.918025879,8.566287249,4.172783283,3.497175006,50.06832036,48.41496384,48.86025116,41.87260231,40.04314497,47.42299178
Mauritius,MUS,GDP growth (annual %),NY.GDP.MKTP.KD.ZG,7.186736771,4.287736571,8.202791783,1.777543037,4.077538074,3.814152115,15.77292981,15.75657978,15.39803836,15.53724944,15.20170165,14.45782732
Malawi,MWI,GDP growth (annual %),NY.GDP.MKTP.KD.ZG,5.692294494,16.72881759,1.576077837,3.268725828,4.854055109,4.000030517,26.46902936,26.38950545,26.14208568,25.62740602,25.16500891,23.56592147
Malaysia,MYS,GDP growth (annual %),NY.GDP.MKTP.KD.ZG,9.00852714,9.829085197,8.85886817,5.332139161,5.293912834,5.81272241,17.29444937,17.68253178,18.07616946,19.37781101,19.20260869,16.03580871
North America,NAC,GDP growth (annual %),NY.GDP.MKTP.KD.ZG,1.708498266,2.68593044,4.198092782,3.64546496,1.703738204,2.447321646,9.554770848,9.421869948,9.404172572,9.501231017,9.630803241,7.31104225
Namibia,NAM,GDP growth (annual %),NY.GDP.MKTP.KD.ZG,2.04745994,3.899014187,3.49218322,2.529262596,5.091338117,-0.256271148,28.74978965,27.49759667,27.43381856,27.61976141,27.01015451,25.3587654
New Caledonia,NCL,GDP growth (annual %),NY.GDP.MKTP.KD.ZG,3.600001274,5.940031114,2.100108842,,,,,,,,,
Niger,NER,GDP growth (annual %),NY.GDP.MKTP.KD.ZG,-1.308478284,2.457244121,-1.208477743,7.331868841,2.357756936,4.999097165,90.59636837,88.63160196,87.50676266,73.43849329,72.98276678,94.05381768
Nigeria,NGA,GDP growth (annual %),NY.GDP.MKTP.KD.ZG,11.77688593,-0.072664767,5.015934757,6.438516525,5.307924204,0.80588662,72.12557597,68.71003624,67.5543285,59.65813988,50.97308923,71.79817438
Nicaragua,NIC,GDP growth (annual %),NY.GDP.MKTP.KD.ZG,-0.052499721,5.911907916,4.101590155,4.282398312,6.316709606,4.630821552,22.60015976,22.34790325,23.0534074,23.02943656,22.47952015,17.61418045
Netherlands,NLD,GDP growth (annual %),NY.GDP.MKTP.KD.ZG,4.183222986,3.116035986,4.195642498,2.050876108,1.551189312,2.910902513,16.469403,15.56169523,14.92868009,14.57801781,14.98813864,12.03440807
Norway,NOR,GDP growth (annual %),NY.GDP.MKTP.KD.ZG,1.932419827,4.155491334,3.204979222,2.625457626,0.981469497,2.323258407,8.995380402,8.793261258,8.668866155,8.35949071,8.853510781,6.956519803
Nepal,NPL,GDP growth (annual %),NY.GDP.MKTP.KD.ZG,4.635036347,3.468451883,6.199999988,3.479181046,3.421828241,8.223499483,87.59845477,90.68716449,88.9430217,93.21824756,100.7660607,99.73437372
Nauru,NRU,GDP growth (annual %),NY.GDP.MKTP.KD.ZG,,,,0,10,-5.747126437,,,,,,
New Zealand,NZL,GDP growth (annual %),NY.GDP.MKTP.KD.ZG,0.153114606,4.722050291,2.905068362,3.32040851,2.358784916,3.163097542,7.143831418,7.204397399,7.162288498,7.037087279,7.420696435,5.956001129
OECD members,OED,GDP growth (annual %),NY.GDP.MKTP.KD.ZG,3.085102509,2.706587722,3.993169341,2.83577681,1.85414959,2.57055685,17.34899073,16.95833785,17.02915758,17.04547753,17.27385692,14.53098291
Oman,OMN,GDP growth (annual %),NY.GDP.MKTP.KD.ZG,-0.13042574,4.996819663,6.551066393,2.490221492,2.658868673,0.346322041,40.18764563,39.60269064,39.85528916,39.65527175,39.10379482,41.11523827
Other small states,OSS,GDP growth (annual %),NY.GDP.MKTP.KD.ZG,,,,5.80651313,7.529352479,1.05889099,29.32746409,29.46675995,29.67261655,29.6189463,32.46158413,34.75442835
Pakistan,PAK,GDP growth (annual %),NY.GDP.MKTP.KD.ZG,4.458586815,4.962609149,4.260088011,6.518778074,2.748405917,5.554277437,60.33465901,61.43286665,61.10602749,63.37843689,68.54493561,58.28241877
Panama,PAN,GDP growth (annual %),NY.GDP.MKTP.KD.ZG,8.098993006,1.751678757,2.715374155,7.191279402,11.31373175,5.599006763,13.12754571,13.20617049,14.38301431,14.11531568,14.29603899,11.40005433
Peru,PER,GDP growth (annual %),NY.GDP.MKTP.KD.ZG,-4.982563536,7.411395047,2.694371398,6.285060325,6.327192402,2.518835442,28.52093796,29.50529745,30.27366253,32.29922942,31.57116569,24.78672805
Philippines,PHL,GDP growth (annual %),NY.GDP.MKTP.KD.ZG,3.036966294,4.678692219,4.411222159,4.942505119,3.858232828,6.930988326,22.116036,21.97021787,22.20389703,22.81857109,22.75483447,18.06979891
Palau,PLW,GDP growth (annual %),NY.GDP.MKTP.KD.ZG,,,,3.959868893,6.683682862,-1.916360453,,,,,,
Papua New Guinea,PNG,GDP growth (annual %),NY.GDP.MKTP.KD.ZG,-3.01216922,-3.312448778,-2.494841993,6.344795923,1.107543597,3.534610884,15.12629938,14.63744926,14.75156315,14.52423915,15.51903383,12.29441826
Poland,POL,GDP growth (annual %),NY.GDP.MKTP.KD.ZG,,7.102865538,4.561025468,3.506847453,4.757638004,4.83065457,30.19942899,27.89182803,25.82218582,26.15121823,26.37250707,20.87782222
Pre-demographic dividend,PRE,GDP growth (annual %),NY.GDP.MKTP.KD.ZG,9.83701516,3.234614115,2.930982391,6.672095893,4.591443734,1.388666702,49.08259455,48.11181502,47.56304651,44.37522878,42.38233994,48.63557258
Puerto Rico,PRI,GDP growth (annual %),NY.GDP.MKTP.KD.ZG,-2.840540726,4.548988106,3.271964529,-1.986938733,-0.358510628,-2.885954759,8.23819126,8.233421567,10.4360024,10.39992619,10.57940611,8.349033339
"Korea, Dem. People? Rep.",PRK,GDP growth (annual %),NY.GDP.MKTP.KD.ZG,,,,,,,38.45306514,38.35749164,38.16205775,39.09471427,38.89336879,32.00745162
Portugal,PRT,GDP growth (annual %),NY.GDP.MKTP.KD.ZG,3.950522763,4.28278046,3.816178063,0.781848216,-1.696164781,3.506344739,10.14053093,10.08459412,10.12369262,10.44970823,10.35501263,8.160752248
Paraguay,PRY,GDP growth (annual %),NY.GDP.MKTP.KD.ZG,4.12328288,6.822810304,-2.314140568,2.133490665,4.249111045,4.953771979,14.02361707,14.28826778,14.21308628,15.13047022,14.59811855,11.90908085
West Bank and Gaza,PSE,GDP growth (annual %),NY.GDP.MKTP.KD.ZG,,7.118512026,-8.556183567,11.29065118,9.600808489,1.419367563,34.22575105,34.16200122,33.85375163,31.97449427,32.87331274,33.22563038
Pacific island small states,PSS,GDP growth (annual %),NY.GDP.MKTP.KD.ZG,3.919795794,4.364568891,-1.13213607,2.209268649,3.608352214,4.147688643,13.4350977,13.27941684,13.54323677,13.53666173,14.03611306,11.2676414
Post-demographic dividend,PST,GDP growth (annual %),NY.GDP.MKTP.KD.ZG,2.837218723,2.682516749,3.926609001,2.753972157,1.602608324,2.431958165,15.5543481,14.87634015,14.4856149,14.38999827,14.41370643,11.5930863
French Polynesia,PYF,GDP growth (annual %),NY.GDP.MKTP.KD.ZG,2.200000128,0.499993912,4.000000343,,,,,,,,,
Qatar,QAT,GDP growth (annual %),NY.GDP.MKTP.KD.ZG,,,,7.492758506,13.37517641,-1.49760469,91.63638866,89.9934996,83.53532806,85.32646863,81.2730055,91.18732793
Romania,ROU,GDP growth (annual %),NY.GDP.MKTP.KD.ZG,,6.233511484,2.461263459,4.668148051,1.906067707,7.319448529,20.31926367,18.57241501,17.69674039,17.15777611,17.63675464,14.61134019
Russian Federation,RUS,GDP growth (annual %),NY.GDP.MKTP.KD.ZG,-2.999995642,-4.143528406,10.00006682,6.399965448,4.300029186,1.825790064,21.22334661,19.87333348,19.0540371,18.99521728,19.19151083,16.16022381
Rwanda,RWA,GDP growth (annual %),NY.GDP.MKTP.KD.ZG,-2.399291097,35.22407831,8.37091824,9.377899425,7.958406046,3.976289694,45.52701299,44.05491614,43.48168912,42.69118425,42.68095937,43.21021716
South Asia,SAS,GDP growth (annual %),NY.GDP.MKTP.KD.ZG,5.429049538,6.989914547,4.062669793,7.602138261,5.137576602,6.829018711,76.61941001,77.85356598,78.90750233,84.33091129,90.56946604,82.86952124
Saudi Arabia,SAU,GDP growth (annual %),NY.GDP.MKTP.KD.ZG,15.19342589,0.212091345,5.625416146,5.573850122,9.996846552,-0.741502652,70.57306857,72.58494094,79.075526,76.42244447,82.41903191,87.94544668
Sudan,SDN,GDP growth (annual %),NY.GDP.MKTP.KD.ZG,-5.470053776,5.99709232,6.345867769,7.489738142,-1.967695859,0.767861504,51.14362625,52.38815795,49.42807693,50.17542884,51.15242727,55.37083444
Senegal,SEN,GDP growth (annual %),NY.GDP.MKTP.KD.ZG,-0.675638151,5.363472887,3.198988036,5.622606856,1.458388671,7.407486186,41.01650284,41.70807834,41.35304585,35.54506007,35.93539952,40.6958259
Singapore,SGP,GDP growth (annual %),NY.GDP.MKTP.KD.ZG,9.821049131,7.20090749,9.039146751,7.359033677,6.337870814,4.336604919,18.72424305,18.75501505,19.32318502,20.80131394,19.34942078,19.0782565
Solomon Islands,SLB,GDP growth (annual %),NY.GDP.MKTP.KD.ZG,2.20304338,10.09265387,-14.27513698,5.540448674,7.2720469,5.343587695,13.76173553,13.09875403,13.86695434,14.17872347,14.37537331,11.87912184
Sierra Leone,SLE,GDP growth (annual %),NY.GDP.MKTP.KD.ZG,3.349997984,-7.999753286,6.652727885,4.505095672,6.315045036,4.211182649,20.73264763,20.13938382,20.50687033,19.31250968,18.74315581,21.62594668
El Salvador,SLV,GDP growth (annual %),NY.GDP.MKTP.KD.ZG,4.831560385,4.734959574,1.12605705,2.707467768,3.815356138,2.249942252,31.12621396,31.81959015,31.8525956,31.97286682,33.62826513,24.47229229
San Marino,SMR,GDP growth (annual %),NY.GDP.MKTP.KD.ZG,,,2.179379715,2.42510699,-8.314773571,0.602381214,,,,,,
Somalia,SOM,GDP growth (annual %),NY.GDP.MKTP.KD.ZG,-1.484075684,,,,,,31.73598464,29.90111252,31.38598928,29.7218033,31.23015581,32.03458423
Serbia,SRB,GDP growth (annual %),NY.GDP.MKTP.KD.ZG,,,6.13181309,5.530347121,2.036276689,2.101163847,31.41516437,29.79295442,29.22397031,29.68541749,31.03402776,24.72635819
Sub-Saharan Africa (excluding high income),SSA,GDP growth (annual %),NY.GDP.MKTP.KD.ZG,2.371098288,3.408936863,3.425914966,6.230805071,4.484024803,2.368830827,44.08078992,43.16936353,42.83863295,39.87027443,38.39538434,44.65183058
South Sudan,SSD,GDP growth (annual %),NY.GDP.MKTP.KD.ZG,,,,,-4.640316736,,46.23936209,45.37858315,44.10158865,44.39170427,45.10147241,45.57750557
Sub-Saharan Africa,SSF,GDP growth (annual %),NY.GDP.MKTP.KD.ZG,2.402957021,3.411573897,3.462302956,6.197680193,4.483468245,2.380923194,44.01891851,43.11386041,42.7870978,39.82891771,38.36121415,44.61323689
Small states,SST,GDP growth (annual %),NY.GDP.MKTP.KD.ZG,,,4.432456491,5.26668984,6.411525294,1.034673695,26.66444771,26.81478282,27.07830613,27.19275741,29.60182689,30.47224539
Sao Tome and Principe,STP,GDP growth (annual %),NY.GDP.MKTP.KD.ZG,,,,7.093773747,4.398201685,3.848982387,30.44904446,30.31451602,30.31190099,29.33439458,27.86024402,28.53958436
Suriname,SUR,GDP growth (annual %),NY.GDP.MKTP.KD.ZG,-4.5,0,2.09999866,4.500000692,5.849367784,1.76230389,29.99310016,30.04112474,29.02589301,29.97570504,31.03872183,24.78001054
Slovak Republic,SVK,GDP growth (annual %),NY.GDP.MKTP.KD.ZG,,5.84349599,1.166528247,6.623463215,2.847218178,3.043279556,24.95343635,22.8106087,21.7239994,21.94341977,21.76719851,17.56291134
Slovenia,SVN,GDP growth (annual %),NY.GDP.MKTP.KD.ZG,,4.107158356,3.67237155,3.797972642,0.861327733,4.79354876,22.27114799,20.88141418,19.13404698,19.42284115,19.5141379,16.02397998
Sweden,SWE,GDP growth (annual %),NY.GDP.MKTP.KD.ZG,0.754674769,3.935192926,4.766348871,2.85880324,3.195333235,2.567924525,7.947532306,7.575328372,7.57800898,7.165820215,7.391221331,6.18466509
Eswatini,SWZ,GDP growth (annual %),NY.GDP.MKTP.KD.ZG,21.01800054,4.82565155,1.76017376,5.99877655,2.247229761,2.026570236,18.83218111,18.406869,18.66855131,18.3048844,17.97331213,17.16878731
Sint Maarten (Dutch part),SXM,GDP growth (annual %),NY.GDP.MKTP.KD.ZG,,,,,4.600002996,-5.8,,,,,,
Seychelles,SYC,GDP growth (annual %),NY.GDP.MKTP.KD.ZG,6.99554469,-0.825642363,1.514338815,9.005761428,7.887279597,4.375995958,21.79736001,21.76837461,21.64752028,21.77301003,21.61035805,20.17864936
Syrian Arab Republic,SYR,GDP growth (annual %),NY.GDP.MKTP.KD.ZG,7.640772323,5.750015288,2.742857397,6.2,,,46.71794575,44.62346833,41.55630603,39.94175144,41.12495285,43.75725947
Turks and Caicos Islands,TCA,GDP growth (annual %),NY.GDP.MKTP.KD.ZG,,,,,,-2.490222604,,,,,,
Chad,TCD,GDP growth (annual %),NY.GDP.MKTP.KD.ZG,-4.178472373,1.236549317,-0.879681025,17.33253374,0.082869798,-2.988695986,65.7209816,68.90049893,65.97160056,58.20089197,55.19515958,66.0292055
East Asia & Pacific (IDA & IBRD countries),TEA,GDP growth (annual %),NY.GDP.MKTP.KD.ZG,5.408285337,9.721698525,7.497823455,9.702031421,8.466562768,6.636234294,48.54203172,49.01787294,50.18372554,54.093541,56.6065491,42.67140529
Europe & Central Asia (IDA & IBRD countries),TEC,GDP growth (annual %),NY.GDP.MKTP.KD.ZG,-1.426871352,-0.25732771,7.437440531,6.664450306,5.796417419,4.235912241,27.41030273,26.21044949,25.73861121,25.69166992,26.34386691,24.09235196
Togo,TGO,GDP growth (annual %),NY.GDP.MKTP.KD.ZG,-0.243656136,7.845832321,-0.78347961,-4.666299379,6.398199052,4.357413915,38.11479034,37.70164937,37.68585568,31.39154567,30.85480627,35.73133561
Thailand,THA,GDP growth (annual %),NY.GDP.MKTP.KD.ZG,11.16716344,8.120315346,4.455247043,4.187638429,0.840132083,4.066250349,30.8316219,30.9397171,30.96035104,31.80703309,31.60962923,26.25672656
Tajikistan,TJK,GDP growth (annual %),NY.GDP.MKTP.KD.ZG,-0.599999631,-12.41632223,8.324324495,6.644293718,7.400640543,7.617492691,50.98790028,51.6068304,51.18266252,49.33935285,54.319961,46.15218537
Turkmenistan,TKM,GDP growth (annual %),NY.GDP.MKTP.KD.ZG,35.38455811,-7.200040934,5.469064133,13.03403487,14.69999993,6.500000047,25.30134467,25.37096997,25.47155531,23.85405702,25.49609942,21.76772098
Latin America & the Caribbean (IDA & IBRD countries),TLA,GDP growth (annual %),NY.GDP.MKTP.KD.ZG,0.483828068,1.442384027,3.774917711,4.349559191,4.503459348,1.874502102,19.59518552,19.9733156,20.80668336,21.08172108,21.51253329,16.69617991
Timor-Leste,TLS,GDP growth (annual %),NY.GDP.MKTP.KD.ZG,,,,3.018182523,5.805105362,-4.103609745,23.05657919,23.25599346,23.50129746,23.25316131,23.75671867,19.25720917
Middle East & North Africa (IDA & IBRD countries),TMN,GDP growth (annual %),NY.GDP.MKTP.KD.ZG,12.90622659,2.52736922,4.552505351,4.498893533,-1.016674039,2.919831141,49.40043117,48.48706585,49.09657492,48.61148094,48.44597241,54.10477709
Tonga,TON,GDP growth (annual %),NY.GDP.MKTP.KD.ZG,-2.044091435,7.378535826,0.875990063,0.081033894,6.818276144,3.322432544,13.16782279,13.30625011,12.79857127,13.17913931,13.5170884,10.78547886
South Asia (IDA & IBRD),TSA,GDP growth (annual %),NY.GDP.MKTP.KD.ZG,5.429049538,6.989914547,4.062669793,7.602138261,5.137576602,6.829018711,76.61941001,77.85356598,78.90750233,84.33091129,90.56946604,82.86952124
Sub-Saharan Africa (IDA & IBRD countries),TSS,GDP growth (annual %),NY.GDP.MKTP.KD.ZG,2.402957021,3.411573897,3.462302956,6.197680193,4.483468245,2.380923194,44.01891851,43.11386041,42.7870978,39.82891771,38.36121415,44.61323689
Trinidad and Tobago,TTO,GDP growth (annual %),NY.GDP.MKTP.KD.ZG,1.509167842,3.809913144,6.901359591,6.20893788,-0.294354409,-2.312115621,28.87598896,29.46078287,28.794061,29.5259354,29.85162487,24.10856843
Tunisia,TUN,GDP growth (annual %),NY.GDP.MKTP.KD.ZG,7.949819436,2.351669888,4.709859945,3.486535815,-1.91717768,1.916928327,35.94963268,35.94088146,35.60252683,33.55744756,33.86835212,37.65599375
Turkey,TUR,GDP growth (annual %),NY.GDP.MKTP.KD.ZG,9.266146671,7.878266876,6.933239708,8.992304944,11.20011058,7.501997494,42.5988219,41.97206044,42.69252478,41.20201574,40.54510881,44.31152568
Tuvalu,TUV,GDP growth (annual %),NY.GDP.MKTP.KD.ZG,,-5.004437317,-0.970599814,-3.779729962,7.515954206,4.094017717,,,,,,
Tanzania,TZA,GDP growth (annual %),NY.GDP.MKTP.KD.ZG,7.045071644,3.569911868,4.520784635,7.476319258,7.672155435,6.785680114,29.86164572,28.80842485,28.97369746,29.57383579,28.72876866,29.07664051
Uganda,UGA,GDP growth (annual %),NY.GDP.MKTP.KD.ZG,6.474140151,11.52324381,3.141907338,6.332565116,9.391655493,3.809129029,47.87483958,48.34343848,46.02890682,45.94616803,47.06116817,50.49432132
Ukraine,UKR,GDP growth (annual %),NY.GDP.MKTP.KD.ZG,-6.345235128,-12.20000002,5.899999999,2.997300112,5.465501846,2.466035625,28.30954725,25.88673175,24.15791294,23.92220402,23.97110359,20.30977582
Upper middle income,UMC,GDP growth (annual %),NY.GDP.MKTP.KD.ZG,1.893200544,3.411512766,6.002073548,7.100616021,6.311011593,4.81515717,41.47673724,41.80844718,42.90958894,45.6476697,47.58823969,37.04923666
Uruguay,URY,GDP growth (annual %),NY.GDP.MKTP.KD.ZG,0.297348378,-1.447598964,-1.929930632,7.460132132,5.162133022,2.591338692,10.8707002,10.74385689,11.3670823,10.91842449,11.4687322,9.27488332
United States,USA,GDP growth (annual %),NY.GDP.MKTP.KD.ZG,1.885960324,2.684287134,4.127484011,3.513213796,1.550835504,2.369800784,9.70166727,9.566392202,9.525138004,9.609824465,9.740640607,7.409441662
Uzbekistan,UZB,GDP growth (annual %),NY.GDP.MKTP.KD.ZG,1.600000006,-0.900000006,3.834999999,6.950007197,7.784905864,4.46152609,35.90257662,34.7875857,31.93634522,31.53029376,33.99383696,28.4559012
St. Vincent and the Grenadines,VCT,GDP growth (annual %),NY.GDP.MKTP.KD.ZG,4.149912624,7.767413795,1.639178881,2.488004855,-0.419296168,1.000357879,27.16453879,27.16265924,26.95793233,27.06413496,27.58281022,22.20051632
"Venezuela, RB",VEN,GDP growth (annual %),NY.GDP.MKTP.KD.ZG,6.467940853,3.951662724,3.686944167,10.3179138,4.176425359,,21.45715928,21.2709634,21.61028202,22.36925987,22.03310792,17.00855357
British Virgin Islands,VGB,GDP growth (annual %),NY.GDP.MKTP.KD.ZG,,,,,,,,,,,,
Virgin Islands (U.S.),VIR,GDP growth (annual %),NY.GDP.MKTP.KD.ZG,,,,3.632264529,-8.158453195,-1.696542894,10.29925266,10.29546773,12.85075614,12.76008076,12.99373844,10.26531228
Vietnam,VNM,GDP growth (annual %),NY.GDP.MKTP.KD.ZG,5.10091814,9.540480175,6.787316408,7.547247727,6.240302749,6.81224566,35.92847732,36.01680964,36.23884543,37.74959295,38.4869748,29.62672834
Vanuatu,VUT,GDP growth (annual %),NY.GDP.MKTP.KD.ZG,11.6956998,1.003945041,5.924809057,5.305326473,1.223225535,4.417588635,13.67055036,13.52147409,14.06654609,14.18976992,14.38296402,11.65277703
World,WLD,GDP growth (annual %),NY.GDP.MKTP.KD.ZG,2.909494425,3.036588542,4.38807708,3.916114929,3.137774129,3.298627971,44.26134436,44.88205189,45.93538449,48.36378338,50.77101856,45.52952755
Samoa,WSM,GDP growth (annual %),NY.GDP.MKTP.KD.ZG,-4.421450949,6.67364307,6.918794454,4.156489543,4.173393458,1.044879689,14.31125006,14.29698836,14.32047044,14.20545807,14.69309609,11.54802701
Kosovo,XKX,GDP growth (annual %),NY.GDP.MKTP.KD.ZG,,,,6.033231085,4.375284575,4.225629511,,,,,,
"Yemen, Rep.",YEM,GDP growth (annual %),NY.GDP.MKTP.KD.ZG,,5.669371322,6.181915593,5.591748076,-12.71482302,-5.072010019,48.86372652,50.02771602,50.8679329,45.14480779,50.83529078,50.45600689
South Africa,ZAF,GDP growth (annual %),NY.GDP.MKTP.KD.ZG,-0.317785676,3.099995418,4.200003476,5.277056312,3.284168142,1.414512626,26.12020279,26.28537348,26.67379878,26.32287788,26.55787322,25.10220499
Zambia,ZMB,GDP growth (annual %),NY.GDP.MKTP.KD.ZG,-0.481072028,2.897668893,3.897322943,7.235599007,5.564602337,3.504336096,32.76484509,30.90846554,30.89820415,28.94705522,28.98711674,27.43803476
Zimbabwe,ZWE,GDP growth (annual %),NY.GDP.MKTP.KD.ZG,6.988552933,0.158025651,-3.059189762,-5.71108368,14.19391296,4.704035391,23.31990791,22.72626927,23.12637318,23.3147417,23.07421266,22.25167109
